size_sqft,bedrooms,bathrooms,age,price
837.7,3,4,14,418705
974.4,5,3,27,411230
1111.1,2,2,40,203755
1248.8,4,1,13,396460
1385.5,1,4,26,408985
1522.2,3,3,39,361509
1659.9,5,2,12,554214
1796.6,2,1,25,346739
1933.3,4,4,38,559264
2070.0,1,3,11,551789
2207.7,3,2,24,504493
2344.4,5,1,37,497018
2481.1,2,4,10,709543
2618.8,4,3,23,702248
2755.5,1,2,36,494773
2892.2,3,1,9,647297
3029.9,5,4,22,860002
3166.6,2,3,35,652527
3303.3,4,2,8,845052
739.0,1,1,21,151397
876.7,3,4,34,324101
1013.4,5,3,7,516626
1150.1,2,2,20,309151
1287.8,4,1,33,301856
1424.5,1,4,6,514381
1561.2,3,3,19,466905
1698.9,5,2,32,459610
1835.6,2,1,5,452135
1972.3,4,4,18,664660
2109.0,1,3,31,457185
2246.7,3,2,4,609889
2383.4,5,1,17,602414
2520.1,2,4,30,614939
2657.8,4,3,3,807644
2794.5,1,2,16,600169
2931.2,3,1,29,552693
3068.9,5,4,2,965398
3205.6,2,3,15,757923
3342.3,4,2,28,750448
778.0,1,1,1,256793
915.7,3,4,14,429497
1052.4,5,3,27,422022
1189.1,2,2,40,214547
1326.8,4,1,13,407252
1463.5,1,4,26,419777
1600.2,3,3,39,372301
1737.9,5,2,12,565006
1874.6,2,1,25,357531
2011.3,4,4,38,570056
2148.0,1,3,11,562581
2285.7,3,2,24,515285
2422.4,5,1,37,507810
2559.1,2,4,10,720335
2696.8,4,3,23,713040
2833.5,1,2,36,505565
2970.2,3,1,9,658089
3107.9,5,4,22,870794
3244.6,2,3,35,663319
3381.3,4,2,8,855844
817.0,1,1,21,162189
954.7,3,4,34,334893
1091.4,5,3,7,527418
1228.1,2,2,20,319943
1365.8,4,1,33,312648
1502.5,1,4,6,525173
1639.2,3,3,19,477697
1776.9,5,2,32,470402
1913.6,2,1,5,462927
2050.3,4,4,18,675452
2187.0,1,3,31,467977
2324.7,3,2,4,620681
2461.4,5,1,17,613206
2598.1,2,4,30,625731
2735.8,4,3,3,818436
2872.5,1,2,16,610961
3009.2,3,1,29,563485
3146.9,5,4,2,976190
3283.6,2,3,15,768715
719.3,4,2,28,275060
856.0,1,1,1,267585
993.7,3,4,14,440289
1130.4,5,3,27,432814
1267.1,2,2,40,225339
1404.8,4,1,13,418044
1541.5,1,4,26,430569
1678.2,3,3,39,383093
1815.9,5,2,12,575798
1952.6,2,1,25,368323
2089.3,4,4,38,580848
2226.0,1,3,11,573373
2363.7,3,2,24,526077
2500.4,5,1,37,518602
2637.1,2,4,10,731127
2774.8,4,3,23,723832
2911.5,1,2,36,516357
3048.2,3,1,9,668881
3185.9,5,4,22,881586
3322.6,2,3,35,674111
758.3,4,2,8,380456
895.0,1,1,21,172981
1032.7,3,4,34,385686
1169.4,5,3,7,538210
1306.1,2,2,20,330735
1443.8,4,1,33,323440
1580.5,1,4,6,535965
1717.2,3,3,19,528490
1854.9,5,2,32,481194
1991.6,2,1,5,473719
2128.3,4,4,18,686244
2265.0,1,3,31,478769
2402.7,3,2,4,671474
2539.4,5,1,17,623998
2676.1,2,4,30,636523
2813.8,4,3,3,829228
2950.5,1,2,16,621753
3087.2,3,1,29,614278
3224.9,5,4,2,986982
3361.6,2,3,15,779507
797.3,4,2,28,285852
934.0,1,1,1,278377
1071.7,3,4,14,491082
1208.4,5,3,27,443606
1345.1,2,2,40,236131
1482.8,4,1,13,428836
1619.5,1,4,26,441361
1756.2,3,3,39,433886
1893.9,5,2,12,586590
2030.6,2,1,25,379115
2167.3,4,4,38,591640
2304.0,1,3,11,584165
2441.7,3,2,24,576870
2578.4,5,1,37,529394
2715.1,2,4,10,741919
2852.8,4,3,23,734624
2989.5,1,2,36,527149
3126.2,3,1,9,719674
3263.9,5,4,22,892378
3400.6,2,3,35,684903
836.3,4,2,8,391248
973.0,1,1,21,183773
1110.7,3,4,34,396478
1247.4,5,3,7,549002
1384.1,2,2,20,341527
1521.8,4,1,33,334232
1658.5,1,4,6,546757
1795.2,3,3,19,539282
1932.9,5,2,32,491986
2069.6,2,1,5,484511
2206.3,4,4,18,697036
2343.0,1,3,31,489561
2480.7,3,2,4,682266
2617.4,5,1,17,634790
2754.1,2,4,30,647315
2891.8,4,3,3,840020
3028.5,1,2,16,632545
3165.2,3,1,29,625070
3302.9,5,4,2,997774
738.6,2,3,15,304119
875.3,4,2,28,296644
1012.0,1,1,1,289169
1149.7,3,4,14,501874
1286.4,5,3,27,454398
1423.1,2,2,40,246923
1560.8,4,1,13,439628
1697.5,1,4,26,452153
1834.2,3,3,39,444678
1971.9,5,2,12,597382
2108.6,2,1,25,389907
2245.3,4,4,38,602432
2382.0,1,3,11,594957
2519.7,3,2,24,587662
2656.4,5,1,37,540186
2793.1,2,4,10,752711
2930.8,4,3,23,745416
3067.5,1,2,36,537941
3204.2,3,1,9,730466
3341.9,5,4,22,903170
777.6,2,3,35,209515
914.3,4,2,8,402040
1051.0,1,1,21,194565
1188.7,3,4,34,407270
1325.4,5,3,7,559794
1462.1,2,2,20,352319
1599.8,4,1,33,345024
1736.5,1,4,6,557549
1873.2,3,3,19,550074
2010.9,5,2,32,502778
2147.6,2,1,5,495303
2284.3,4,4,18,707828
2421.0,1,3,31,500353
2558.7,3,2,4,693058
2695.4,5,1,17,645582
2832.1,2,4,30,658107
2969.8,4,3,3,850812
3106.5,1,2,16,643337
3243.2,3,1,29,635862
3380.9,5,4,2,1008566
816.6,2,3,15,314911
953.3,4,2,28,307436
1090.0,1,1,1,299961
